T_imp,v_imp,N_avg_points,Temp,Temp_std,Press,Press_std
0.1,0.7290000000000001,29.0,0.09969384341379312,0.004666329704553687,0.2545139796551724,0.042318667917783485
0.1,1.0,46.0,0.09984982484782609,0.002934856751864997,-0.8543119473913043,0.0708248814582222
0.1,1.3310000000000004,47.0,0.10014655436170211,0.0027562911772453288,-0.2629025072340425,0.04677921136396852
0.1,1.7279999999999998,47.0,0.100024057106383,0.0028550616400092343,-0.07333588298085106,0.032719007060420385
0.1,2.196999999999999,47.0,0.10020163978723405,0.003668307181290116,-0.004252469044680851,0.02441162757961516
0.1,2.7439999999999993,47.0,0.09976065508510638,0.004180509142764875,-0.00013711970978723458,0.019517485339383904
0.1,3.375,46.0,0.09978396963043476,0.0039042845915199377,0.00011446436441304379,0.018107736634214944
0.1,4.095999999999999,45.0,0.09966516233333333,0.0033859684155382857,-0.003432765683333334,0.015871756331336202
0.1,4.912999999999998,41.0,0.1004688433414634,0.003094584412408379,-0.011303541219512195,0.01219846668013317
0.1,5.831999999999998,36.0,0.09973066169444444,0.002640790489777191,-0.016925228868333333,0.011291871606344253
0.1,6.858999999999999,44.0,0.1001846205,0.0038304206983702277,-0.011417571363522727,0.008671425527636285
0.1,7.999999999999995,44.0,0.09982983861363635,0.003978383093348903,0.0005950556565909092,0.008271331490990828
0.1,9.260999999999996,36.0,0.10008673041666666,0.0023223128221687085,0.0004658974377777779,0.005436102315740217
0.1,10.647999999999996,36.0,0.09995727283333333,0.003877812560773409,0.0015977904934444446,0.0048857741019737696
0.1,12.166999999999998,36.0,0.10027634097222221,0.0032990281207221418,0.00013311579194444446,0.005131496162489214
0.1,13.823999999999991,44.0,0.10043751950000002,0.0045995886384291,-0.0004361215204545454,0.003882781400138107
0.1,15.624999999999991,43.0,0.10004263920930231,0.003772506767721126,0.00011922901186046509,0.0029969454724473672
0.1,17.575999999999993,42.0,0.09942312854761906,0.004074746094222738,-0.00021655114142857148,0.003262536166113542
0.1,19.682999999999993,43.0,0.10028063355813953,0.004214427401299533,3.6427041627906095e-06,0.002382636261867415
0.1,21.951999999999984,42.0,0.10033972204761903,0.003160338704316892,-0.0003399983254047619,0.0020550357877838735
0.1,24.388999999999985,42.0,0.10010037083333334,0.00302366384990307,-0.0003655103605238096,0.0021749583357302425
0.2,0.7290000000000001,35.0,0.20035295599999997,0.008000726987215672,0.9929548437142856,0.0699232723720713
0.2,1.0,46.0,0.1995927843478261,0.004577124932341668,-0.6436898302173913,0.10748385729762243
0.2,1.3310000000000004,47.0,0.2003517614893617,0.0049005267479861345,-0.28638133851063835,0.0624709351885319
0.2,1.7279999999999998,42.0,0.20032989928571432,0.003933410231366783,-0.11281050021190475,0.04628090039635415
0.2,2.196999999999999,44.0,0.1999073468181818,0.004299583257924156,-0.0004201404793181805,0.030473199271853164
0.2,2.7439999999999993,46.0,0.19983916152173914,0.006110383821102853,-0.019535834853913046,0.028595252247046614
0.2,3.375,45.0,0.1998434204444444,0.0054788906415765715,-0.01043214859111111,0.02156496041961385
0.2,4.095999999999999,38.0,0.19989320657894738,0.004827564452180219,-0.007869445940789473,0.01830761073214242
0.2,4.912999999999998,37.0,0.20049017864864865,0.006233430076902546,-0.037526924348648655,0.01417293829265196
0.2,5.831999999999998,41.0,0.2001956887804878,0.0052450355826239355,-0.02370000289512195,0.01349313294628489
0.2,6.858999999999999,40.0,0.20050915125,0.0051806336394852265,-0.00711699019,0.012223664749761998
0.2,7.999999999999995,34.0,0.1996387555882353,0.004534866805432424,0.0011305458417647056,0.008869060150837707
0.2,9.260999999999996,32.0,0.1999968559375,0.0037515218436313127,0.0014078213065624999,0.010603498207245448
0.2,10.647999999999996,44.0,0.20002195840909087,0.005465480412822805,-0.0012677591581818184,0.00629650222929519
0.2,12.166999999999998,44.0,0.20038414681818184,0.005562135966858976,0.0017896406837931817,0.005075500429976141
0.2,13.823999999999991,38.0,0.19960505000000003,0.0050169124447061435,-0.001964853179736842,0.004800125989380913
0.2,15.624999999999991,42.0,0.19954608666666668,0.006209260337502316,7.730316190476198e-05,0.005436043629915154
0.2,17.575999999999993,43.0,0.2004578451162791,0.0064070430897409355,-0.000869008097604651,0.0037039222391728453
0.2,19.682999999999993,43.0,0.2012590141860465,0.005384761029949813,3.2888007906976595e-05,0.0036902453689015503
0.2,21.951999999999984,41.0,0.2000631543902439,0.005495697763412383,3.893112853658535e-05,0.003435528974075135
0.2,24.388999999999985,42.0,0.20087836119047622,0.005677063580471025,-0.00040448190450000006,0.003309078128723128
0.30000000000000004,0.7290000000000001,48.0,0.2981211727083333,0.01557943756115155,0.82585325769375,0.994351086898967
0.30000000000000004,1.0,46.0,0.30002132565217393,0.006904931134843025,-0.7702476141304347,0.09956011921212697
0.30000000000000004,1.3310000000000004,42.0,0.30051005023809524,0.006546765811600446,-0.2608208035714286,0.051679343980385976
0.30000000000000004,1.7279999999999998,47.0,0.30100563234042554,0.006467122596085598,-0.1321349440851064,0.04334113750364135
0.30000000000000004,2.196999999999999,46.0,0.29919402,0.006935106356570739,-0.09627235313478257,0.04413296854211931
0.30000000000000004,2.7439999999999993,46.0,0.30005587826086955,0.008658793841991752,-0.03958703952717391,0.03925376009923424
0.30000000000000004,3.375,42.0,0.3003752314285714,0.008212220208129313,-0.03757623870952381,0.02403280980056603
0.30000000000000004,4.095999999999999,42.0,0.3000576773809524,0.006289076340043547,-0.032097751175952385,0.02434241611885978
0.30000000000000004,4.912999999999998,32.0,0.30051291437499994,0.006760522432598559,-0.00891917925125,0.016908062912450166
0.30000000000000004,5.831999999999998,39.0,0.2996345033333333,0.006183345205650223,0.001043050931538462,0.01844697366605794
0.30000000000000004,6.858999999999999,35.0,0.30011754199999996,0.005816950685984042,0.003922654460371429,0.0140919379902994
0.30000000000000004,7.999999999999995,41.0,0.30108676341463414,0.005967800402486666,0.0007296999604878046,0.012308019748336866
0.30000000000000004,9.260999999999996,42.0,0.30021687619047616,0.007275603302983906,0.0015240053023809522,0.011310316351980635
0.30000000000000004,10.647999999999996,43.0,0.29870162372093023,0.007342005275287144,-0.0017918666655813954,0.009546147567486285
0.30000000000000004,12.166999999999998,31.0,0.2987005209677419,0.007199511699265921,-0.0007626616922580643,0.007963783001239582
0.30000000000000004,13.823999999999991,42.0,0.300496885952381,0.006367910853092157,9.528478095238078e-05,0.006369732092126362
0.30000000000000004,15.624999999999991,42.0,0.2994728569047619,0.007013447279400542,0.0014494661623809526,0.005542069632694696
0.30000000000000004,17.575999999999993,41.0,0.2999393856097561,0.007132466926672245,-0.000742673781097561,0.005251116509959596
0.30000000000000004,19.682999999999993,40.0,0.299414795,0.006591412511226638,9.006539162500011e-05,0.004691874588381804
0.30000000000000004,21.951999999999984,35.0,0.30014427200000005,0.006278630699959893,0.00017611330739999997,0.003830822687059826
0.30000000000000004,24.388999999999985,26.0,0.2995685769230769,0.005962933110691008,0.0005055516359230768,0.003942421539555614
0.4,0.7290000000000001,23.0,0.39769091130434786,0.008987518728506004,2.5118049260869566,0.09902927466219803
0.4,1.0,41.0,0.3995898943902439,0.007952357720831204,-0.5810247478048781,0.0826965197230115
0.4,1.3310000000000004,42.0,0.3978764478571428,0.009645959595384888,-0.23064176547619045,0.053850559137699996
0.4,1.7279999999999998,40.0,0.39872713125,0.00703846949236948,-0.15698742107500002,0.05223331312244737
0.4,2.196999999999999,46.0,0.39978855043478256,0.008545480514460609,-0.06981093138695653,0.04790323361458282
0.4,2.7439999999999993,46.0,0.4012359080434782,0.0105030470964448,-0.05602507491230435,0.034694137025513085
0.4,3.375,45.0,0.3996804162222223,0.010011448991443808,-0.04368411038175555,0.033217263688085516
0.4,4.095999999999999,42.0,0.4027909159523811,0.006363848444769526,-0.03591899583868548,0.02715834602636432
0.4,4.912999999999998,43.0,0.4006867841860464,0.00735013281877091,-0.023736005490697674,0.01958443447422161
0.4,5.831999999999998,42.0,0.40035106666666664,0.00893539641297801,-0.0032174847906428572,0.021633405075672768
0.4,6.858999999999999,43.0,0.399178416744186,0.009964515752947236,-0.010262752029325582,0.013949471541469846
0.4,7.999999999999995,43.0,0.3993303504651163,0.010944373934984247,0.0026906921162790694,0.010735332702522733
0.4,9.260999999999996,39.0,0.401239417948718,0.010314361780786261,-0.0033208506587179497,0.0116484693658869
0.4,10.647999999999996,43.0,0.40058613093023254,0.007733788090056306,-0.0013501546470232558,0.012965019655755137
0.4,12.166999999999998,40.0,0.39964639125,0.006968104714177378,0.00024270042967500013,0.006911571898783579
0.4,13.823999999999991,41.0,0.4009873024390243,0.010116477683702593,0.0004163877214634146,0.0069157318642804645
0.4,15.624999999999991,40.0,0.39919189450000003,0.009217266851745683,0.0005526431135000001,0.006236798545937365
0.4,17.575999999999993,40.0,0.40187314475,0.008996602052098616,0.001607292447575,0.006261149031568685
0.4,19.682999999999993,35.0,0.4024244820000001,0.00773250298125435,-0.001775069512457143,0.00543115204995994
0.4,21.951999999999984,39.0,0.40195021461538455,0.010977979333666297,0.0008170417765256411,0.004151046584055188
0.4,24.388999999999985,39.0,0.40443956205128206,0.009754030195528562,-0.0005819854451282053,0.004162417625710926
0.5,0.7290000000000001,48.0,0.49927237374999994,0.02140096598040345,3.2650723604166667,0.6902495123889929
0.5,1.0,48.0,0.5000618933333333,0.012472258587567503,-0.5959814858333333,0.12965043427530223
0.5,1.3310000000000004,39.0,0.5014785487179486,0.013491450254519541,-0.25701956853846153,0.0657523761980599
0.5,1.7279999999999998,46.0,0.5003635915217393,0.011615912926780741,-0.13011796371739132,0.05196755395363992
0.5,2.196999999999999,47.0,0.49981296361702127,0.01209797583659181,-0.08901538133191488,0.04895766736160014
0.5,2.7439999999999993,46.0,0.5014632902173914,0.013547752029854884,-0.054232238639130424,0.03995024925242817
0.5,3.375,36.0,0.4980965127777778,0.01077825701950733,-0.0469374784475,0.030069259107946982
0.5,4.095999999999999,44.0,0.5008786456818183,0.011889330470933409,-0.029088275093181817,0.03168025625647467
0.5,4.912999999999998,45.0,0.5017854793333333,0.011515541234103763,-0.03172727735333333,0.019247764616347016
0.5,5.831999999999998,31.0,0.4991084935483871,0.009728995334138436,-0.008832912985806449,0.02317284138513848
0.5,6.858999999999999,43.0,0.5008000697674418,0.012236626561587215,-0.00838153318744186,0.016213366572474658
0.5,7.999999999999995,42.0,0.5002139776190476,0.008579556517138594,0.003394205567142857,0.017024305793444362
0.5,9.260999999999996,40.0,0.500007762,0.012551586846861872,0.0010107434262499999,0.012668300828306929
0.5,10.647999999999996,36.0,0.5001202022222223,0.015418455008988793,0.0026321588188888884,0.008677312242083497
0.5,12.166999999999998,40.0,0.500464827,0.01299259742517526,0.0040870297054015,0.009006962506151198
0.5,13.823999999999991,39.0,0.5009556282051282,0.012312968248331101,-0.0018169484923076923,0.009106578237444705
0.5,15.624999999999991,38.0,0.5018876389473684,0.011180893890700755,0.0013195013360526315,0.0076604768301369
0.5,17.575999999999993,40.0,0.50234624025,0.01069758071346379,0.000974899460525,0.006494710846758981
0.5,19.682999999999993,39.0,0.5018010774358975,0.013247444281256422,0.00030728197102564137,0.00588503556410968
0.5,21.951999999999984,36.0,0.5022756119444444,0.013425428271869605,0.0011390595797222223,0.004165287006597876
0.5,24.388999999999985,37.0,0.5073084391891893,0.012673774729827237,0.0011535977177567567,0.0032197510761502236
0.6,0.7290000000000001,48.0,0.5988985431249999,0.02415691519229054,3.6472671875000002,1.074205656664179
0.6,1.0,48.0,0.5972083491666668,0.017483850888006965,-0.6364150754166666,0.08547144189680951
0.6,1.3310000000000004,40.0,0.60052380075,0.014866784109580715,-0.2381738108,0.07290851996703626
0.6,1.7279999999999998,47.0,0.6005495857446808,0.013545613296465931,-0.12508697274468086,0.053683724841054756
0.6,2.196999999999999,47.0,0.599978279574468,0.012182962562986902,-0.06304170640851063,0.056029068015705244
0.6,2.7439999999999993,43.0,0.6001398390697675,0.015186362264023973,-0.055375386862325585,0.04271956378929489
0.6,3.375,35.0,0.597196020857143,0.011757678936218504,-0.03795739418285715,0.030224178160358852
0.6,4.095999999999999,43.0,0.599346553255814,0.014462903445300395,-0.02237044196581395,0.032313601824893665
0.6,4.912999999999998,44.0,0.6001169827272727,0.013423649119966212,0.0031065825822727267,0.02495384041705925
0.6,5.831999999999998,39.0,0.6007127076923076,0.012352918465394701,-0.004909812729789744,0.01758249002152327
0.6,6.858999999999999,42.0,0.5988037735714287,0.011500436776690956,0.0008101266415238105,0.018116450249107494
0.6,7.999999999999995,42.0,0.5994480002380953,0.012813935042668985,0.0007838280249999998,0.012941651146672369
0.6,9.260999999999996,34.0,0.6018614114705881,0.011158005056680449,-0.0006698453258823532,0.01292307336093326
0.6,10.647999999999996,38.0,0.6020652589473684,0.011596597572647586,-0.0004967928734210525,0.012416386947720981
0.6,12.166999999999998,41.0,0.6059690336585366,0.012087110381748591,0.003566848218536585,0.009928867270187956
0.6,13.823999999999991,40.0,0.6059807325,0.014160108461554907,0.0037695684445000002,0.008538433542730348
0.6,15.624999999999991,41.0,0.6041822980487804,0.014080214967087038,0.003864097282439024,0.00711030925050138
0.6,17.575999999999993,30.0,0.6003090633333333,0.012491239570260266,0.0024199024966666664,0.0055563090105730855
0.6,19.682999999999993,17.0,0.6082022541176472,0.009372806572089953,0.0032123060268235294,0.006715548549588178
0.6,21.951999999999984,32.0,0.6061616290625,0.013391365477628515,0.0048483538825,0.004208532368569812
0.6,24.388999999999985,37.0,0.6036755740540539,0.011258332055329372,0.008360004655135134,0.004563770155664644
0.7000000000000001,0.7290000000000001,17.0,0.6969472011764706,0.015567163329946595,3.219650917647059,0.12037286602847228
0.7000000000000001,1.0,49.0,0.701306663265306,0.019754945715771712,-0.14194843451020409,0.1055042329368771
0.7000000000000001,1.3310000000000004,46.0,0.6955681026086955,0.015377145398447431,-0.17701699726086959,0.07801885470998791
0.7000000000000001,1.7279999999999998,42.0,0.6993557804761904,0.014320857537079552,-0.10943749910238094,0.06115488462050859
0.7000000000000001,2.196999999999999,45.0,0.697741424,0.01565954944764665,-0.03942815357888888,0.04313367495577914
0.7000000000000001,2.7439999999999993,36.0,0.6994638513888888,0.016889025345573305,-0.038569616969444435,0.03886852492446405
0.7000000000000001,3.375,39.0,0.7004258400000001,0.015972403324999378,-0.021444797764102564,0.032170587301936227
0.7000000000000001,4.095999999999999,46.0,0.7013665652173913,0.016389455166052013,-0.016321225220652175,0.02554054061957398
0.7000000000000001,4.912999999999998,46.0,0.7031284819565216,0.01441122550199589,-0.013831875604130435,0.02525048749331987
0.7000000000000001,5.831999999999998,42.0,0.7012246407142857,0.015843367180387147,0.002747225054285714,0.021587341128042812
0.7000000000000001,6.858999999999999,41.0,0.6975881441463415,0.014484115745217538,0.003237772246341464,0.015983901184815328
0.7000000000000001,7.999999999999995,40.0,0.69915346025,0.013962357185198792,-0.00075512268275,0.018200577711811782
0.7000000000000001,9.260999999999996,49.0,0.7061985281632652,0.015130896741302887,0.011762735329591836,0.011982016961045722
0.7000000000000001,10.647999999999996,41.0,0.7056247241463414,0.013902364874047198,0.011803302732682926,0.008339506361411625
0.7000000000000001,12.166999999999998,34.0,0.7033467526470588,0.01534940299604733,0.005861538087058824,0.006531875211946738
0.7000000000000001,13.823999999999991,21.0,0.6992407085714285,0.01510289120056134,0.006895286390761903,0.006632254985096514
0.7000000000000001,15.624999999999991,42.0,0.7015276464285715,0.013488018004634063,0.013798143347619045,0.0056917918929531046
0.7000000000000001,17.575999999999993,24.0,0.7059164479166666,0.016314875974511204,0.011798081925416667,0.005295928873631801
0.7000000000000001,19.682999999999993,22.0,0.7050137568181817,0.012046453961304205,0.015500566750000002,0.004383760596797021
0.7000000000000001,21.951999999999984,42.0,0.7018592559523809,0.013911951387237763,0.018612429833333336,0.003270386812399377
0.7000000000000001,24.388999999999985,37.0,0.7009001367567568,0.015838836415581026,0.016815432540540538,0.002069737560581294
0.8,0.7290000000000001,48.0,0.798956118125,0.02653569133641115,6.775468939583334,0.23637650383624637
0.8,1.0,46.0,0.799128120869565,0.018210780441328747,0.340808148347826,0.09236269715510034
0.8,1.3310000000000004,47.0,0.8001539551063831,0.016367034650000816,-0.16856427204680852,0.08347984638298891
0.8,1.7279999999999998,44.0,0.797693665909091,0.016327769958756302,-0.07645019217045455,0.06842495002059441
0.8,2.196999999999999,40.0,0.80284572375,0.019974167464701466,-0.019992415794999996,0.040229951035664686
0.8,2.7439999999999993,45.0,0.7999232746666667,0.016342778202167823,-0.014763232562222221,0.03811933803006951
0.8,3.375,47.0,0.7957072182978726,0.015892919787870254,-0.007934326755744682,0.027135296245862292
0.8,4.095999999999999,46.0,0.8022346502173912,0.019420809465809503,0.0010703250539130433,0.029370811981261586
0.8,4.912999999999998,47.0,0.8025623844680853,0.01785911507917381,0.009460223551063832,0.02078285198910084
0.8,5.831999999999998,40.0,0.8036389420000001,0.015158991004925135,0.0118072900195,0.017660543403586266
0.8,6.858999999999999,48.0,0.8013940935416667,0.01581030925145712,0.017511876145833334,0.012582231294094748
0.8,7.999999999999995,43.0,0.8024705199999999,0.017732832033563777,0.01983920841162791,0.008857726760724485
0.8,9.260999999999996,34.0,0.8023997061764705,0.016310206047205178,0.020277108872058826,0.00966422912120243
0.8,10.647999999999996,45.0,0.7981235442222222,0.019926211396721252,0.02509999217777777,0.008172878872080822
0.8,12.166999999999998,47.0,0.7986536359574469,0.01811747396162806,0.026363323805936166,0.008493605416158869
0.8,13.823999999999991,40.0,0.80199541275,0.01904233615480004,0.029225058749999998,0.003995810783724993
0.8,15.624999999999991,47.0,0.8011339429787233,0.016877571116671437,0.030417898957446815,0.003578518825973965
0.8,17.575999999999993,44.0,0.7982363374999999,0.016480418770711318,0.028840937704545457,0.0026139976085233427
0.8,19.682999999999993,31.0,0.8006526206451613,0.0183886958699772,0.027767431838709677,0.0025549974437079326
0.8,21.951999999999984,47.0,0.8009518421276596,0.01625706059784891,0.026462806127659576,0.002115297785178777
0.8,24.388999999999985,45.0,0.8006927942222223,0.015089160942141586,0.02528014664444445,0.001771783232981659
0.9,0.7290000000000001,48.0,0.9000880052083334,0.027657647461932507,7.686414595833334,0.22997381781788492
0.9,1.0,49.0,0.8975394246938776,0.01830540444941921,0.8015750316326531,0.1368606034724096
0.9,1.3310000000000004,45.0,0.9021003506666668,0.018976469503098416,-0.10971917371999997,0.06555045212315909
0.9,1.7279999999999998,46.0,0.9019435923913042,0.0173908727990397,-0.03501887879782609,0.05233410569701447
0.9,2.196999999999999,42.0,0.8968002826190477,0.01789247250039047,0.0013372316261904763,0.03983325210361268
0.9,2.7439999999999993,44.0,0.8983796918181818,0.01684914549102515,0.015542556064545455,0.039385962119058225
0.9,3.375,48.0,0.9002200927083334,0.022064935755642626,0.015172789678595833,0.030812548733801168
0.9,4.095999999999999,40.0,0.8989087122499999,0.019675986888632233,0.023845108111,0.023523326937180705
0.9,4.912999999999998,48.0,0.9002111452083333,0.02057091468627985,0.03695362075083333,0.021127597868007452
0.9,5.831999999999998,48.0,0.8956864164583332,0.017048345369523085,0.03459418718541667,0.015917689719372814
0.9,6.858999999999999,41.0,0.9035634702439026,0.020138435334343608,0.03978626036585366,0.00930147251203639
0.9,7.999999999999995,49.0,0.9024973659183673,0.02103466624090375,0.04171320369183673,0.012399278758942792
0.9,9.260999999999996,37.0,0.9024498527027026,0.016708491589133154,0.045547173054054056,0.007578432138843462
0.9,10.647999999999996,44.0,0.8979834847727273,0.016896243129051785,0.04715716463636364,0.0067820020898154915
0.9,12.166999999999998,40.0,0.900874859,0.01706382740976665,0.043240759925,0.005582083920560965
0.9,13.823999999999991,43.0,0.901669876744186,0.021554496855715182,0.04271660667441861,0.004622564319741248
0.9,15.624999999999991,49.0,0.9004785465306123,0.021443174490091352,0.0403769778367347,0.003494874533021846
0.9,17.575999999999993,48.0,0.8982048410416666,0.0183848922959588,0.03856262360416667,0.0033278472380577715
0.9,19.682999999999993,47.0,0.9008942131914893,0.020985164801285473,0.03654769612765957,0.0027976918143691356
0.9,21.951999999999984,50.0,0.901886825,0.020941927865914575,0.033508332960000005,0.002306210184619979
0.9,24.388999999999985,47.0,0.9025974495744682,0.01968431985342291,0.030805868680851063,0.0018986019835990197
1.0,0.7290000000000001,48.0,0.9959093193749999,0.0351525378778815,8.612992554166667,0.27452965676756796
1.0,1.0,41.0,1.0050940341463415,0.025123358768609612,1.2200183034146341,0.12086178543777072
1.0,1.3310000000000004,46.0,1.0013552556521739,0.022120815593435525,0.11172613871304347,0.07295827237579475
1.0,1.7279999999999998,46.0,1.0028576989130435,0.021349962927818163,0.02800537189565217,0.07578207342950417
1.0,2.196999999999999,44.0,1.001990926818182,0.019277627623812084,0.04820771767909091,0.05735761685700038
1.0,2.7439999999999993,49.0,1.0008686804081632,0.02407113941082828,0.05254739647857143,0.0418101983787771
1.0,3.375,47.0,1.002421535106383,0.02148746970566154,0.06429745609531913,0.032607584917828544
1.0,4.095999999999999,49.0,1.0019520791836733,0.018870060401084108,0.0644570602244898,0.022615674909149567
1.0,4.912999999999998,48.0,1.0042104445833333,0.018821992249455004,0.07006810172916667,0.018789152802577282
1.0,5.831999999999998,49.0,0.9992678597959185,0.020925113868529282,0.07088594463265306,0.01324861193032538
1.0,6.858999999999999,49.0,0.997128123877551,0.024606330363981507,0.06677918185714285,0.01077736622202395
1.0,7.999999999999995,36.0,0.9957071347222222,0.022244835927136053,0.0650616915277778,0.011222728636592958
1.0,9.260999999999996,49.0,0.9985543179591838,0.024577574731677824,0.06459738646938776,0.008074480800983223
1.0,10.647999999999996,45.0,1.000608735111111,0.02201388498515531,0.061973303244444444,0.0067427988465646035
1.0,12.166999999999998,41.0,1.0028641897560977,0.021011623275654742,0.05585793624390245,0.005778950016157622
1.0,13.823999999999991,49.0,0.9979040097959184,0.02167848726008897,0.05416439771428572,0.0034159236673052874
1.0,15.624999999999991,43.0,0.9993412846511626,0.0260246928805854,0.04998475920930232,0.003853314632902127
1.0,17.575999999999993,49.0,1.0004275571428571,0.023221737450318896,0.0460692347755102,0.0033092173191925627
1.0,19.682999999999993,40.0,1.000095232,0.024642067539621868,0.042616941799999995,0.0028306846683409667
1.0,21.951999999999984,47.0,1.0020863697872342,0.02384701750406835,0.040000973063829784,0.0022985398386802408
1.0,24.388999999999985,49.0,1.0017187953061224,0.021605638877769485,0.036579705469387755,0.0018855492896590852
1.1,0.7290000000000001,48.0,1.100304246875,0.03960716026513203,9.451492491666666,0.2833433860432279
1.1,1.0,43.0,1.0974882441860463,0.027313319152684836,1.6725651534883719,0.13738744695042376
1.1,1.3310000000000004,49.0,1.0951861714285713,0.024587079284926566,0.3425776065306123,0.09886328504638754
1.1,1.7279999999999998,44.0,1.1007909545454546,0.025529299759273514,0.13077031147727272,0.06258075782854426
1.1,2.196999999999999,50.0,1.101735898,0.026597495182370017,0.099662442032,0.0464019540211499
1.1,2.7439999999999993,47.0,1.1013612978723404,0.02596961955984697,0.106461735,0.033221301335985984
1.1,3.375,49.0,1.1005814224489796,0.02124578838818695,0.1056250968979592,0.026444131657444102
1.1,4.095999999999999,47.0,1.1019915021276596,0.023325211387274915,0.10943692099999999,0.019960117855525393
1.1,4.912999999999998,49.0,1.096448820408163,0.024308487237537854,0.10569571887755103,0.018612939614404956
1.1,5.831999999999998,49.0,1.099101193877551,0.021246952307570285,0.09091440202040817,0.013724119299505403
1.1,6.858999999999999,48.0,1.0990572937499998,0.022560727603934228,0.09002692272916667,0.008864788188869622
1.1,7.999999999999995,47.0,1.1022371489361702,0.02609591577734419,0.08395118985106383,0.01003668044431839
1.1,9.260999999999996,44.0,1.0999156204545455,0.02409933323974469,0.07763182418181817,0.00683775126227944
1.1,10.647999999999996,48.0,1.1059839395833333,0.023680078478990323,0.07497150758333333,0.00659758416291422
1.1,12.166999999999998,49.0,1.1013226714285713,0.022368578043044113,0.06928332687755102,0.005288741221024803
1.1,13.823999999999991,49.0,1.1003292734693877,0.02354768874271065,0.06270583226530613,0.0041514922652288256
1.1,15.624999999999991,47.0,1.0991406,0.024934622564439655,0.05815590091489361,0.003632995584498631
1.1,17.575999999999993,49.0,1.098382187755102,0.02417927964128129,0.05289365795918367,0.0032614516613165448
1.1,19.682999999999993,40.0,1.094314265,0.02437815959152321,0.048901528925,0.0024398099929560436
1.1,21.951999999999984,47.0,1.099910370212766,0.02472466747843359,0.04514322755319149,0.0021415320960418305
1.1,24.388999999999985,47.0,1.1009593404255318,0.023197023420952,0.04179817123404255,0.0022317044437818725
1.2000000000000002,0.7290000000000001,48.0,1.2010205458333334,0.04285829126454587,10.26744254375,0.28998896024547854
1.2000000000000002,1.0,49.0,1.203402906122449,0.02785791223905595,2.0852880857142857,0.1194593764964099
1.2000000000000002,1.3310000000000004,44.0,1.1980740272727273,0.026429069493761507,0.5780501168181819,0.11053270817998108
1.2000000000000002,1.7279999999999998,47.0,1.1959527978723405,0.026343953601477597,0.2549762644680851,0.060240871863219234
1.2000000000000002,2.196999999999999,44.0,1.201061834090909,0.02664419498060544,0.19050599327272727,0.054368301502171666
1.2000000000000002,2.7439999999999993,50.0,1.201986402,0.028527188504439006,0.16191439518,0.0371049323519653
1.2000000000000002,3.375,49.0,1.2038394081632653,0.027672953628229465,0.15815066826530613,0.025735964657818827
1.2000000000000002,4.095999999999999,49.0,1.1985803795918368,0.02559436171434016,0.143425555,0.024132241605161458
1.2000000000000002,4.912999999999998,44.0,1.1987002068181818,0.028746028042056972,0.13251176206818183,0.01566406617427783
1.2000000000000002,5.831999999999998,49.0,1.194586163265306,0.029862220217988338,0.1209041031020408,0.014954868681864462
1.2000000000000002,6.858999999999999,44.0,1.1995026840909093,0.02404830405789322,0.11213799738636365,0.010536399383887023
1.2000000000000002,7.999999999999995,49.0,1.1965273387755102,0.027943860541134513,0.10304769246938776,0.00769074185287645
1.2000000000000002,9.260999999999996,46.0,1.1984371152173914,0.027881131344403842,0.09449320400000003,0.0077556592804922785
1.2000000000000002,10.647999999999996,40.0,1.1951873899999998,0.024300927612066585,0.0860463967,0.004768840681964927
1.2000000000000002,12.166999999999998,49.0,1.202348693877551,0.028330203409589878,0.07793787053061224,0.005500532118458066
1.2000000000000002,13.823999999999991,42.0,1.1957540952380952,0.02452900441417167,0.07191616542857142,0.004537883127027487
1.2000000000000002,15.624999999999991,49.0,1.1974101959183674,0.027280824971508934,0.06583473493877551,0.004293614155912316
1.2000000000000002,17.575999999999993,43.0,1.202765276744186,0.022751531207461848,0.06030240009302324,0.0034460171183641397
1.2000000000000002,19.682999999999993,42.0,1.2025717285714288,0.031628412747456515,0.05640267911904762,0.0028849176115034085
1.2000000000000002,21.951999999999984,43.0,1.198911853488372,0.028315121200512237,0.05096934958139535,0.0027794670917535343
1.2000000000000002,24.388999999999985,43.0,1.2018382069767442,0.023702291472407783,0.04717187995348837,0.0023514644846267057
1.3000000000000003,0.7290000000000001,48.0,1.29700380625,0.04055693834664938,11.112794937499999,0.3267395792832323
1.3000000000000003,1.0,46.0,1.3072385173913046,0.030044668783426196,2.4937235,0.12595610703241553
1.3000000000000003,1.3310000000000004,44.0,1.3052667613636364,0.027219342024453634,0.7674284252272726,0.08933115138773114
1.3000000000000003,1.7279999999999998,49.0,1.2974814102040817,0.028000925001005532,0.37434757571428573,0.0697008315547006
1.3000000000000003,2.196999999999999,50.0,1.2999767979999999,0.028083306005807,0.2578267184,0.04407631055973688
1.3000000000000003,2.7439999999999993,48.0,1.3040652479166666,0.029627134884939704,0.229502576875,0.03644413573216639
1.3000000000000003,3.375,40.0,1.302209765,0.03279618822352338,0.2056152645,0.02873194278537487
1.3000000000000003,4.095999999999999,45.0,1.3040374044444445,0.03052049696214698,0.1790364782222222,0.021383530716456146
1.3000000000000003,4.912999999999998,49.0,1.295562269387755,0.02802255415843695,0.16238578816326532,0.018458952970228315
1.3000000000000003,5.831999999999998,48.0,1.2961415229166666,0.02773440911223998,0.14574974895833334,0.013655678496065023
1.3000000000000003,6.858999999999999,42.0,1.30216375,0.029414164449407455,0.13192438380952382,0.012246791184126355
1.3000000000000003,7.999999999999995,49.0,1.3019751204081633,0.02890472760266172,0.12090785816326531,0.008484983856048685
1.3000000000000003,9.260999999999996,49.0,1.2991732795918367,0.0329939863858149,0.10879554859183674,0.007844082321971714
1.3000000000000003,10.647999999999996,49.0,1.2993456224489797,0.024393244277038893,0.0983058258367347,0.006567683071659847
1.3000000000000003,12.166999999999998,49.0,1.2958199979591838,0.030926772323374336,0.08995169667346939,0.006316533810333919
1.3000000000000003,13.823999999999991,49.0,1.2967149163265306,0.02940454373931491,0.08290175508163264,0.0048451441544171215
1.3000000000000003,15.624999999999991,43.0,1.303728634883721,0.030067494786979884,0.07318584437209301,0.0035721619211105263
1.3000000000000003,17.575999999999993,47.0,1.2958598617021277,0.030381159828157724,0.0680933394680851,0.0039910478167190086
1.3000000000000003,19.682999999999993,39.0,1.2990584897435897,0.026684245799691565,0.062187771897435885,0.00279786485193996
1.3000000000000003,21.951999999999984,45.0,1.2986957044444445,0.028129769205246343,0.05666497475555557,0.002966962029339012
1.3000000000000003,24.388999999999985,49.0,1.2983982632653062,0.03231425639004415,0.05158789344897959,0.0021606959966249542
1.4000000000000001,0.7290000000000001,48.0,1.3962174395833333,0.05046745876898773,11.904524145833335,0.3655773542435417
1.4000000000000001,1.0,49.0,1.3998809326530612,0.03365627781861553,2.8911830061224486,0.15031740898332896
1.4000000000000001,1.3310000000000004,49.0,1.4053322612244898,0.03056321295512518,0.9718483879591835,0.09847307952866369
1.4000000000000001,1.7279999999999998,39.0,1.3980851,0.030048950454037982,0.524375984102564,0.08379475028231223
1.4000000000000001,2.196999999999999,46.0,1.405567497826087,0.03244631237779733,0.3598343623913043,0.06327413561315429
1.4000000000000001,2.7439999999999993,50.0,1.406071104,0.030916415000533038,0.2739905956,0.03819789398050742
1.4000000000000001,3.375,49.0,1.3992147959183674,0.02959058276070869,0.24192085979591835,0.02749818404809592
1.4000000000000001,4.095999999999999,36.0,1.3956533305555554,0.026638131767040923,0.21655840555555556,0.023791653479825235
1.4000000000000001,4.912999999999998,42.0,1.4018204166666668,0.03483193361419617,0.19255693642857144,0.01582395793001606
1.4000000000000001,5.831999999999998,45.0,1.400353702222222,0.03532313056122158,0.16984739755555553,0.01566159898357936
1.4000000000000001,6.858999999999999,49.0,1.4050544795918367,0.03424456596881681,0.14885602346938773,0.011491165975078162
1.4000000000000001,7.999999999999995,42.0,1.4001483523809526,0.030225702023075198,0.13453823952380953,0.00798048968779603
1.4000000000000001,9.260999999999996,49.0,1.3963849408163267,0.029162449244176183,0.12343928,0.009069214386644658
1.4000000000000001,10.647999999999996,42.0,1.403516780952381,0.03185741520136274,0.11153400566666669,0.007127222073580206
1.4000000000000001,12.166999999999998,46.0,1.3974206978260868,0.027707979916799737,0.10036654995652175,0.004992600178471713
1.4000000000000001,13.823999999999991,47.0,1.3992744319148938,0.03207050327479702,0.09092621695744682,0.005159175989972268
1.4000000000000001,15.624999999999991,47.0,1.398262119148936,0.03233847784175958,0.08148869702127662,0.005085490320868192
1.4000000000000001,17.575999999999993,45.0,1.402003217777778,0.03173061817649241,0.07492800166666666,0.00360721010387273
1.4000000000000001,19.682999999999993,49.0,1.3966852428571428,0.031075356981429273,0.06787888971428571,0.0028225673077995456
1.4000000000000001,21.951999999999984,46.0,1.3988288,0.036299127176546944,0.06222717797826088,0.002568028555859816
1.4000000000000001,24.388999999999985,44.0,1.400485034090909,0.026734309284810097,0.05738868797727272,0.0020831223354387286
1.5000000000000002,0.7290000000000001,48.0,1.4964883104166669,0.04880059336148504,12.676496562499999,0.3670990935505305
1.5000000000000002,1.0,41.0,1.4998570097560975,0.03381308387311263,3.294334270731708,0.12027330419295394
1.5000000000000002,1.3310000000000004,44.0,1.5052689295454547,0.03293293365255281,1.184323404090909,0.125665847206237
1.5000000000000002,1.7279999999999998,44.0,1.503277375,0.028052593575259518,0.6335274275,0.08511596415723328
1.5000000000000002,2.196999999999999,46.0,1.4949422956521736,0.0391439803734987,0.4363682265217391,0.06461725984614694
1.5000000000000002,2.7439999999999993,49.0,1.4992285142857145,0.03748341955738154,0.35207550020408157,0.03774432002790037
1.5000000000000002,3.375,46.0,1.4913302347826087,0.034926163019869935,0.2837463228260869,0.032320587484251234
1.5000000000000002,4.095999999999999,38.0,1.5004849105263158,0.035726211013379514,0.25356185026315786,0.03033810847468164
1.5000000000000002,4.912999999999998,40.0,1.4994645475000001,0.033588650763018084,0.21624330699999997,0.024052658866075098
1.5000000000000002,5.831999999999998,46.0,1.5019730695652174,0.03083525526373194,0.1922896956521739,0.015375717216189733
1.5000000000000002,6.858999999999999,46.0,1.4968517652173914,0.032287841255044684,0.17264524804347825,0.0128385856372419
1.5000000000000002,7.999999999999995,50.0,1.500691488,0.03200552961681867,0.15359489720000002,0.010764179315014784
1.5000000000000002,9.260999999999996,49.0,1.4996728,0.035700691958623014,0.13696062265306122,0.009168578183323594
1.5000000000000002,10.647999999999996,49.0,1.4977522734693878,0.028288953901693715,0.12245037367346939,0.006049664210639178
1.5000000000000002,12.166999999999998,48.0,1.502601508333333,0.03873729973147559,0.11106080229166666,0.006361557219724925
1.5000000000000002,13.823999999999991,49.0,1.5007053775510204,0.03885689531334629,0.10039609026530613,0.005238865573746895
1.5000000000000002,15.624999999999991,49.0,1.5004708938775508,0.03465728717895053,0.09015123369387756,0.004832106073743149
1.5000000000000002,17.575999999999993,40.0,1.5006889525,0.03586060951032475,0.081828082525,0.003947286679267994
1.5000000000000002,19.682999999999993,45.0,1.500992062222222,0.03582374848955362,0.07402880291111111,0.0037960679698707304
1.5000000000000002,21.951999999999984,45.0,1.4981951355555554,0.0339326251449228,0.06785654548888889,0.0027071708471682445
1.5000000000000002,24.388999999999985,41.0,1.500703412195122,0.03651447064438438,0.06144862912195122,0.0030862018851270665
1.6,0.7290000000000001,48.0,1.594202120833333,0.04441710144560015,13.441975979166665,0.3593928952357531
1.6,1.0,49.0,1.6014025,0.0378501215150558,3.695701087755102,0.16349806995009195
1.6,1.3310000000000004,34.0,1.5987329617647057,0.03655373457378327,1.4190800794117648,0.10155794066172212
1.6,1.7279999999999998,49.0,1.6040280734693877,0.032251239874674355,0.7482006028571428,0.08295509210056219
1.6,2.196999999999999,49.0,1.5989179673469387,0.03588964098209152,0.5234945430612244,0.05848130205318477
1.6,2.7439999999999993,48.0,1.5991404333333332,0.033972264112093045,0.4122141720833333,0.047122274832824246
1.6,3.375,50.0,1.5995135179999997,0.034620327560984696,0.33586645660000003,0.03214714680947493
1.6,4.095999999999999,49.0,1.6018215469387758,0.039884505951821185,0.28274517040816327,0.02630789803171904
1.6,4.912999999999998,49.0,1.597164820408163,0.033995926652360065,0.2502507224489796,0.018918471737959856
1.6,5.831999999999998,49.0,1.596072157142857,0.0333467521218594,0.21636110836734693,0.017960433386979047
1.6,6.858999999999999,49.0,1.5979179714285714,0.030473551962396785,0.19294092795918366,0.012442653227640238
1.6,7.999999999999995,46.0,1.5979153652173916,0.03005880678742934,0.16708262717391303,0.010851727601033347
1.6,9.260999999999996,49.0,1.6033370000000002,0.0316725132516109,0.15114203469387755,0.008068039508724988
1.6,10.647999999999996,44.0,1.6032802954545458,0.039504229597555,0.13539710113636363,0.007514948378510847
1.6,12.166999999999998,45.0,1.6016664511111114,0.038158894031822134,0.12139123755555556,0.0061366283542183195
1.6,13.823999999999991,42.0,1.6028926857142858,0.037189434524527026,0.1084886542142857,0.005479137337197457
1.6,15.624999999999991,41.0,1.5970436341463417,0.030712377177610498,0.09791762907317073,0.0036022911470920908
1.6,17.575999999999993,44.0,1.600941170454545,0.036666816447855376,0.08874554313636362,0.004204282075500565
1.6,19.682999999999993,42.0,1.6020571214285717,0.03414705156130952,0.08166712626190475,0.003540260633521124
1.6,21.951999999999984,41.0,1.6014390463414634,0.0321157825758317,0.07351870653658536,0.003055547861462747
1.6,24.388999999999985,49.0,1.5985718285714283,0.030825584823881046,0.0669048143877551,0.002744674563096998
1.7000000000000002,0.7290000000000001,48.0,1.7016087083333333,0.05716378605018739,14.124241250000003,0.3368589349198157
1.7000000000000002,1.0,43.0,1.6996267767441857,0.03823167218948328,4.010786690697675,0.1624565796995842
1.7000000000000002,1.3310000000000004,49.0,1.7017227408163267,0.03698280779910689,1.6069803469387753,0.09921768407085566
1.7000000000000002,1.7279999999999998,49.0,1.702395716326531,0.03657525863074458,0.8643654902040817,0.07911929610595804
1.7000000000000002,2.196999999999999,48.0,1.6995788041666664,0.037442333091980425,0.5957133970833334,0.059150368040725446
1.7000000000000002,2.7439999999999993,48.0,1.7008238249999998,0.04015684734664134,0.4724753427083333,0.040466553678951835
1.7000000000000002,3.375,42.0,1.696476711904762,0.037763044936319386,0.38637123809523805,0.037787619971479273
1.7000000000000002,4.095999999999999,50.0,1.701811572,0.04078446767548668,0.32431949520000003,0.024671604519175983
1.7000000000000002,4.912999999999998,49.0,1.7025699000000003,0.03559694483453687,0.2790999528571429,0.020828875883855007
1.7000000000000002,5.831999999999998,49.0,1.6960725020408167,0.04074851731189432,0.23951068775510206,0.01735160085519998
1.7000000000000002,6.858999999999999,48.0,1.69951023125,0.040158939508154926,0.21164446666666667,0.014300538022219408
1.7000000000000002,7.999999999999995,40.0,1.6985653849999998,0.04182972817998907,0.187037058,0.009570779487519342
1.7000000000000002,9.260999999999996,48.0,1.7027759249999999,0.03616552368985493,0.16446039625,0.0093025096391701
1.7000000000000002,10.647999999999996,49.0,1.6995617265306124,0.031913699444377025,0.14481554469387756,0.006841033167297891
1.7000000000000002,12.166999999999998,47.0,1.697553065957447,0.04152139117780276,0.1306218261702128,0.005969650028333052
1.7000000000000002,13.823999999999991,49.0,1.6959383306122449,0.0370037137253911,0.11863525857142858,0.0046240647101295305
1.7000000000000002,15.624999999999991,43.0,1.705851944186047,0.033481710059431825,0.10573730986046512,0.00508801854785734
1.7000000000000002,17.575999999999993,47.0,1.6983551297872341,0.03737222772482441,0.09534399227659573,0.003400312259347604
1.7000000000000002,19.682999999999993,45.0,1.6959640955555553,0.04006808187993119,0.08682922526666667,0.004031689761040705
1.7000000000000002,21.951999999999984,42.0,1.6969725642857143,0.03519554935176849,0.07885196121428571,0.0028845233970515687
1.7000000000000002,24.388999999999985,48.0,1.7033673479166669,0.03921259904736711,0.07223949133333334,0.0025089611022437092
1.8000000000000003,0.7290000000000001,48.0,1.7979968166666669,0.056775968326056664,14.878684270833332,0.3464770932101032
1.8000000000000003,1.0,46.0,1.8010515565217389,0.038942590683056916,4.360700413043478,0.14431723954123726
1.8000000000000003,1.3310000000000004,42.0,1.8019134261904763,0.037260730121677736,1.8120696976190478,0.10189904043036326
1.8000000000000003,1.7279999999999998,49.0,1.8012117489795916,0.03545096612044739,1.0009772820408163,0.07836003482868145
1.8000000000000003,2.196999999999999,44.0,1.7987548409090912,0.042602502182054545,0.6954896386363637,0.06575141319720379
1.8000000000000003,2.7439999999999993,45.0,1.79812164,0.039316657139190046,0.5233223355555556,0.04330128402681681
1.8000000000000003,3.375,42.0,1.8010351880952375,0.03097238923041898,0.43089647476190474,0.03524456616114004
1.8000000000000003,4.095999999999999,49.0,1.7938753244897956,0.04709579982016476,0.35507574387755103,0.02895019706468107
1.8000000000000003,4.912999999999998,49.0,1.8001797571428568,0.03635312502540397,0.3051779385714286,0.022374722801257817
1.8000000000000003,5.831999999999998,44.0,1.7996554363636363,0.04101559803713864,0.26697687522727276,0.016460669052402194
1.8000000000000003,6.858999999999999,42.0,1.793761766666667,0.03575592573261153,0.23131894666666666,0.0169872115511086
1.8000000000000003,7.999999999999995,44.0,1.798044638636364,0.041488206450011014,0.2013787970454545,0.01292583176417718
1.8000000000000003,9.260999999999996,49.0,1.8028819265306122,0.04237120226691216,0.1769982955102041,0.008847283604947664
1.8000000000000003,10.647999999999996,39.0,1.8001319512820515,0.04259598473820474,0.16015074256410256,0.007246094297390523
1.8000000000000003,12.166999999999998,49.0,1.8032160102040813,0.04269022449152539,0.14115943204081632,0.007829590318997458
1.8000000000000003,13.823999999999991,40.0,1.7970341225,0.042789989724680316,0.12542025900000003,0.005319086980476912
1.8000000000000003,15.624999999999991,41.0,1.7958172024390244,0.03640946627079474,0.11261674219512195,0.004375617608899322
1.8000000000000003,17.575999999999993,43.0,1.8006155395348835,0.03238328354875611,0.10219887874418603,0.003990299083006395
1.8000000000000003,19.682999999999993,46.0,1.796882495652174,0.03751118791160818,0.0932829597826087,0.003234468029306929
1.8000000000000003,21.951999999999984,40.0,1.8029356200000002,0.04651392492983794,0.08449693165000001,0.00383522532694305
1.8000000000000003,24.388999999999985,36.0,1.8001358805555556,0.03692503103484605,0.07623817177777777,0.0028042519315277024
1.9000000000000001,0.7290000000000001,48.0,1.897295845833333,0.06031526862278514,15.588904979166665,0.36103613346516794
1.9000000000000001,1.0,49.0,1.9003042367346938,0.04152919034907953,4.777203502040816,0.18197223755875908
1.9000000000000001,1.3310000000000004,49.0,1.9013586755102039,0.049017276571290014,2.0040651163265304,0.12821015425229665
1.9000000000000001,1.7279999999999998,49.0,1.8986193469387758,0.040548816200033796,1.1488238040816325,0.08688169417127757
1.9000000000000001,2.196999999999999,49.0,1.9017095775510202,0.04510841516348058,0.7626980622448979,0.0684599302501915
1.9000000000000001,2.7439999999999993,47.0,1.8995916872340426,0.04958649612011366,0.5798005610638298,0.05144855285430378
1.9000000000000001,3.375,42.0,1.8952185976190474,0.04003435338710451,0.4793015883333333,0.03938116926428204
1.9000000000000001,4.095999999999999,48.0,1.8971899291666665,0.03970257784910906,0.38978886375,0.028131545058106604
1.9000000000000001,4.912999999999998,46.0,1.9036958978260867,0.034823721617351894,0.33140530282608693,0.02178392110141557
1.9000000000000001,5.831999999999998,49.0,1.8968377673469388,0.04285655613176182,0.2884398902040816,0.01748124720512165
1.9000000000000001,6.858999999999999,45.0,1.8954384622222225,0.039314083056088384,0.24953538133333333,0.015273115188520947
1.9000000000000001,7.999999999999995,50.0,1.898131304,0.04779559221976841,0.21661655599999996,0.012152868670550833
1.9000000000000001,9.260999999999996,42.0,1.9006693166666664,0.03851814471875817,0.19059937309523808,0.010345813235193374
1.9000000000000001,10.647999999999996,44.0,1.8966406545454548,0.03553981731568164,0.1688496336363636,0.00800140809657903
1.9000000000000001,12.166999999999998,44.0,1.9010278772727274,0.03704081879172973,0.15193973863636367,0.006931115800009007
1.9000000000000001,13.823999999999991,49.0,1.9000452489795918,0.042567006591774044,0.13617594857142856,0.0062564711242077105
1.9000000000000001,15.624999999999991,45.0,1.8997765688888888,0.04309854057567676,0.12211503222222221,0.0042637575985424395
1.9000000000000001,17.575999999999993,46.0,1.9055626021739127,0.0377372484551404,0.10941168180434781,0.004308169198608714
1.9000000000000001,19.682999999999993,48.0,1.8968426354166665,0.04781913615061916,0.09935968427083335,0.004235052258429103
1.9000000000000001,21.951999999999984,42.0,1.8977362333333336,0.04099905714316385,0.08935485223809525,0.0034932311541058677
1.9000000000000001,24.388999999999985,42.0,1.9017034476190475,0.04067340170159315,0.08154869047619048,0.0029325070689798635
