T_imp,v_imp,N_avg_points,time,Temp,Temp_std,Press,Press_std,P_tail_corr
0.8,1,18,261.075326681137,0.800037263833333,0.002064156503131,0.085583796038493,0.013016940566297,-0.534977715781713
0.8,1.01888888888889,18,260.373123884201,0.799600450222222,0.001890342628334,-0.02563652135951,0.013909070075638,-0.623402486396947
0.8,1.03777777777778,18,258.572422027588,0.800228117527778,0.002585977566733,-0.108648675628322,0.012141456904162,-0.684852455477793
0.8,1.05666666666667,18,255.126591444015,0.800671182772222,0.002999472163314,-0.181338146249626,0.014845509038137,-0.737125705721988
0.8,1.07555555555556,18,243.059987068176,0.800313876777778,0.002308913425767,-0.249101514310889,0.01342866397437,-0.785539027730356
0.8,1.09444444444444,18,208.103552818298,0.799818128722222,0.002786501378379,-0.298984312842611,0.011084695177285,-0.817064989566434
0.8,1.11333333333333,18,203.361276865005,0.799346971122222,0.002628359295118,-0.344502009988333,0.012653324810793,-0.845152231077462
0.8,1.13222222222222,18,198.52521777153,0.799931260866667,0.002132154731188,-0.373925969888889,0.010294195528234,-0.858010815693353
0.8,1.15111111111111,18,196.329693794251,0.800053896788889,0.002191804186173,-0.40306466249,0.011727749325778,-0.871392900529057
0.8,1.17,18,193.840088844299,0.801044129466667,0.001462006900428,-0.414629928622222,0.011266221366077,-0.867958522252295
0.8,23,18,36.0992732048035,0.800509998272222,0.002351584453938,0.022334374162111,0.001561161164026,0.021161290018784
0.8,24.8888888888889,18,26.1748104095459,0.8001732823,0.001826976500262,0.023424597553889,0.000518872283791,0.022422814182209
0.8,26.7777777777778,18,24.1670122146606,0.800236401905556,0.001630992968322,0.022823988332778,0.000350566272387,0.021958550711913
0.8,28.6666666666667,18,23.138459444046,0.800179570966667,0.002018829791435,0.022177080557778,0.000192598480187,0.02142193539737
0.8,30.5555555555556,18,22.2738115787506,0.800432937677778,0.001472949739839,0.021241573420556,0.000270755954109,0.020576905883929
0.8,32.4444444444444,18,21.2028667926788,0.799722917416667,0.002033616500606,0.020533099649445,0.000252994616537,0.019943572035711
0.8,34.3333333333333,18,20.7532367706299,0.799922290722222,0.001709696680619,0.019898069271667,0.000210358545942,0.0193716244035
0.8,36.2222222222222,18,19.9243109226227,0.800430375816667,0.001923619916788,0.019140769329445,0.000167650344453,0.018667798174552
0.8,38.1111111111111,18,19.2911939620972,0.799413449594444,0.002134324600831,0.018541693621667,0.000162492665469,0.018114444070396
0.8,40,18,18.8579454421997,0.800109779827778,0.00168418376445,0.017941863427778,0.000153130472801,0.01755401248289
0.9,1,18,217.018555879593,0.899975104766667,0.002171774296184,0.545395735944445,0.015796761112245,-0.075165775875761
0.9,1.02777777777778,18,213.410224676132,0.900494710872222,0.002346910913269,0.362579657794444,0.011281213655023,-0.224891284001746
0.9,1.05555555555556,18,209.13759636879,0.899907273994444,0.002805739374099,0.219767713140501,0.013049447207264,-0.337190541235524
0.9,1.08333333333333,18,205.056703805923,0.89998402745,0.003181802308274,0.104101855649009,0.012234587190544,-0.424660615961111
0.9,1.11111111111111,18,200.865723133087,0.900463348244445,0.001832178695657,0.010919673353893,0.009131157711012,-0.491735151220475
0.9,1.13888888888889,18,197.110153675079,0.899819041011111,0.002378228219867,-0.0583273155537,0.009201757824175,-0.536761413899319
0.9,1.16666666666667,18,194.429934501648,0.899684823383333,0.002905682017845,-0.115016778838133,0.008988623772187,-0.570939522216241
0.9,1.19444444444444,18,191.176338672638,0.898570420522222,0.002522251931758,-0.165389589259222,0.010584930636135,-0.600353201654567
0.9,1.22222222222222,18,187.350183010101,0.900456593783333,0.003159581793845,-0.190679731454189,0.009135665767412,-0.606096941846229
0.9,1.25,18,185.385479688644,0.90000140805,0.002560196509933,-0.213403558568628,0.009982899397513,-0.61056292613356
0.9,17,18,32.5419249534607,0.900617951816666,0.001648290032435,0.035976971837222,0.000524465004107,0.033829700170024
0.9,19.5555555555556,18,28.8502650260925,0.900182225344445,0.002057121091195,0.034045744145556,0.000372163666267,0.032423020667462
0.9,22.1111111111111,18,26.4405744075775,0.899868901361111,0.002466932420154,0.031649234963889,0.000300829231143,0.03037993665179
0.9,24.6666666666667,18,24.7080698013306,0.900447446088889,0.001692958291329,0.029829899981111,0.000254552657517,0.028809985151604
0.9,27.2222222222222,18,23.1518878936768,0.901360002566667,0.001495124266072,0.028149150371667,0.000265671523946,0.027311741251177
0.9,29.7777777777778,18,22.0644855499268,0.899627663272222,0.001543866513217,0.026383085306111,0.000139068386552,0.025683242879381
0.9,32.3333333333333,18,20.8146560192108,0.899876528816667,0.001776990953185,0.024803998536111,0.000153725513091,0.024210412224454
0.9,34.8888888888889,18,19.8828680515289,0.900491938616667,0.001185999001983,0.023571540316667,0.00013626190995,0.023061727723282
0.9,37.4444444444444,18,19.2891936302185,0.9000935474,0.001705600790366,0.022352485353333,0.000139755047472,0.021909886735247
0.9,40,18,18.5942776203156,0.899852249794444,0.001625356713618,0.021245730759445,0.000121987400333,0.020857879814557
1,1,18,217.298969745636,1.00000961528333,0.003325154847414,0.990296808161111,0.011692958866115,0.369735296340905
1,1.03888888888889,18,211.801445484161,0.999801097722222,0.00285704820623,0.709340728211111,0.013030641094373,0.134368810713481
1,1.07777777777778,18,205.972451925278,1.00033383275,0.002097117325342,0.497955125111111,0.012355491551315,-0.036272555380296
1,1.11666666666667,18,200.71239066124,0.999282687905556,0.002775183474699,0.334799621146667,0.011123543869331,-0.16286610452781
1,1.15555555555556,18,195.774091243744,0.999810494288889,0.002896368643595,0.218637465961939,0.014305516678008,-0.246095175101636
1,1.19444444444444,18,191.577635288239,1.00071867606667,0.003412327750815,0.130240124730703,0.012180866972838,-0.304723487664642
1,1.23333333333333,18,186.815564155579,1.00132564845,0.00332072734225,0.059460017525312,0.011494985847195,-0.348505914277601
1,1.27222222222222,18,182.43492436409,0.999765458205556,0.002712969746099,0.006997346737816,0.012051061960732,-0.376408632991303
1,1.31111111111111,18,179.617674589157,1.00073066308889,0.002260489558902,-0.027728830074759,0.009252080484055,-0.3887276986286
1,1.35,18,176.193109035492,1.00060402972778,0.003242678033128,-0.04996402321926,0.009076098149105,-0.390464166879181
1,12,18,39.3312382698059,1.0001905311,0.001821551230674,0.052759060025556,0.000847481388484,0.04844960508236
1,15.1111111111111,18,33.3285245895386,0.99970162905,0.002123134800459,0.048054127493333,0.000474334903774,0.045336486789536
1,18.2222222222222,18,29.310649394989,0.9999948036,0.002684362705058,0.043048397889445,0.000458784996274,0.041179514692783
1,21.3333333333333,18,26.3980588912964,0.998793490211111,0.002071391535203,0.038945977102778,0.000296305913945,0.037582438624658
1,24.4444444444444,18,24.5603611469269,0.999332641694445,0.001974814815759,0.035560834004445,0.000179407660728,0.034522290978465
1,27.5555555555556,18,22.8923470973969,0.999628016761111,0.002447390360827,0.032398002749445,0.000184517134654,0.031580730987325
1,30.6666666666667,18,21.2570817470551,1.00015555622778,0.001574464592623,0.030012833038889,0.000153405384864,0.029352973208267
1,33.7777777777778,18,20.2531845569611,0.999693649555556,0.001589755988581,0.027934247225556,0.000132355711926,0.027390342680267
1,36.8888888888889,18,19.3134763240814,1.00004222782222,0.002013560956309,0.026043152382778,0.000152862120763,0.025587122094842
1,40,18,18.5029680728912,1.00030437927222,0.00266169918912,0.024434561653333,7.46330668801266E-05,0.024046710708445
1.1,1,18,218.209584712982,1.10012893472222,0.002333244706189,1.41889406088889,0.011315404763592,0.798332549068684
1.1,1.05555555555556,18,209.702826738358,1.10038090538889,0.003602609837303,0.985656736516667,0.014447654886481,0.428698482140642
1.1,1.11111111111111,18,201.289513111114,1.10094700755556,0.002980531154203,0.6912186247,0.01798754163604,0.188563800125632
1.1,1.16666666666667,18,194.244609117508,1.09900568405556,0.002326323760312,0.481171081083333,0.014689645245229,0.025248337705225
1.1,1.22222222222222,18,188.893930673599,1.10011867055556,0.002613891483076,0.344025412265,0.008835710037928,-0.07139179812704
1.1,1.27777777777778,18,182.11930680275,1.10061928888889,0.00283733212609,0.241546587470278,0.00773616248657,-0.138532674967805
1.1,1.33333333333333,18,177.835254907608,1.10065293916667,0.003096741155358,0.1700325305039,0.009071210138307,-0.179033319894968
1.1,1.38888888888889,18,172.110781908035,1.09996316694444,0.002803580204968,0.126795488243374,0.010852412070505,-0.19490359948422
1.1,1.44444444444444,18,186.319493055344,1.09886558566667,0.002761404122956,0.093354374462335,0.006377105701198,-0.204074515818357
1.1,1.5,18,199.595339775085,1.09970792705556,0.002806853748098,0.071276204600395,0.007532572511934,-0.204528911764141
1.1,8,18,62.7991127967835,1.09928865094444,0.002900752624255,0.076835768911667,0.000957392873808,0.067139495289476
1.1,11.5555555555556,18,50.8290693759918,1.1007651225,0.002208922931837,0.066345388033333,0.000886508118644,0.061698061622697
1.1,15.1111111111111,18,40.7392559051514,1.09963065272222,0.002058975120687,0.056877294752778,0.000351798764426,0.054159654048981
1.1,18.6666666666667,18,35.865541934967,1.10020432377778,0.00251456043375,0.049488640287778,0.000344705080853,0.047707692071457
1.1,22.2222222222222,18,30.7940173149109,1.09994531938889,0.002056341066306,0.043666663271111,0.000207628955657,0.042410026209675
1.1,25.7777777777778,18,27.6292746067047,1.10061472383333,0.001919004538269,0.039183792452778,0.000257285829784,0.03824990640831
1.1,29.3333333333333,18,26.482164144516,1.10100262583333,0.001940852238184,0.035430990098889,0.000179723965185,0.034709779664181
1.1,32.8888888888889,18,24.5775878429413,1.099490564,0.002357738385777,0.032295260543889,0.000161080231002,0.031721558452291
1.1,36.4444444444444,18,22.9527084827423,1.10023317011111,0.001744113335915,0.02970040454,0.000118447786891,0.029233183740834
1.1,40,18,22.1614601612091,1.10024895811111,0.001457997182394,0.027569741971667,0.000148536842784,0.027181891026779
1.2,1,18,264.116602659225,1.19971659411111,0.003506279034281,1.83561388177778,0.020944357791854,1.21505236995757
1.2,1.08888888888889,18,248.905061721802,1.20023072811111,0.003870239993721,1.14071930248889,0.023003502910064,0.617338602182387
1.2,1.17777777777778,18,238.490911245346,1.20033247922222,0.002208259791728,0.737378677,0.009704484186342,0.290017672572833
1.2,1.26666666666667,18,225.135154485702,1.20048303227778,0.003540812288132,0.497096415705556,0.011443734441639,0.110319850166648
1.2,1.35555555555556,18,217.851714372635,1.200007183,0.002799691323017,0.352763889991667,0.007223662797941,0.015049011884731
1.2,1.44444444444444,18,203.140246629715,1.19947476566667,0.002416179323633,0.267024887540111,0.007840624815199,-0.030404002740581
1.2,1.53333333333333,18,192.409067153931,1.20082852372222,0.002192180453168,0.217016546862694,0.005962402417303,-0.046927385385977
1.2,1.62222222222222,18,185.340527772903,1.2005282,0.003551520343812,0.184420198180119,0.0081209204645,-0.05139084731358
1.2,1.71111111111111,18,179.440341949463,1.19984284961111,0.002997809402102,0.162986598739278,0.007232860922703,-0.048960957583191
1.2,1.8,18,173.215147018433,1.19892252183333,0.003569978634765,0.147068555782,0.005739684149763,-0.044462775026706
1.2,5,18,85.95876288414,1.198804266,0.002378742547746,0.112948240463333,0.00195143852995,0.088125779990525
1.2,8.88888888888889,18,57.7255923748016,1.20022674077778,0.002498350648299,0.090862835319445,0.000764497130949,0.083008853685471
1.2,12.7777777777778,18,44.4247553348541,1.20000652527778,0.002047320058703,0.073260638362222,0.000548038134658,0.069459845737841
1.2,16.6666666666667,18,37.7244908809662,1.20056674738889,0.002297919561232,0.061256721551111,0.000305282811009,0.059022700108558
1.2,20.5555555555556,18,32.4393267631531,1.20018695522222,0.002180688858362,0.052451096616667,0.000325520361491,0.050982419262177
1.2,24.4444444444444,18,30.731876373291,1.20061002855556,0.002680557842851,0.045911028975556,0.000178957450236,0.044872485949576
1.2,28.3333333333333,18,27.1581945419312,1.20010678961111,0.00176154585866,0.040764940717222,0.000170441357869,0.039991922917031
1.2,32.2222222222222,18,25.3042061328888,1.20015406838889,0.002483413171159,0.036701413107222,0.00017397858994,0.036103726038763
1.2,36.1111111111111,18,23.5970864295959,1.19943141822222,0.00230071338103,0.033357993142778,0.000145878193464,0.032882106918329
1.2,40,18,22.4895555973053,1.20003145283333,0.002124973024335,0.030547961568333,0.000146927086391,0.030160110623445
1.5,12,18,43.7253115177155,1.50070627022222,0.002934924297501,0.108677217841667,0.000503950165246,0.104367762898471
1.5,8.58064516129032,18,56.0915682315826,1.49945337672222,0.002741603399289,0.138846831561111,0.000581874957232,0.130418435200955
1.5,6.67782426778243,18,65.5762910842896,1.49944001255556,0.002615815688966,0.165042552972222,0.001370721625485,0.151126538736805
1.5,5.46575342465753,18,75.6665093898773,1.49994619272222,0.003656037667051,0.188934882872222,0.002070266295936,0.168162574303244
1.5,4.62608695652174,18,84.4529824256897,1.49995462794444,0.003513605179639,0.210995449322222,0.002546193649371,0.181998169961383
1.5,4.01005025125628,18,100.685567140579,1.49984275333333,0.002991414926752,0.230896743733333,0.002442136547372,0.192305817122332
1.5,3.53880266075388,18,109.878087759018,1.49973327977778,0.002937684305868,0.250808593244444,0.002221982453328,0.201255342924981
1.5,3.16666666666667,18,111.165081977844,1.49968546011111,0.003855854204961,0.270607087372222,0.002780464441145,0.208722836885997
1.5,2.86535008976661,18,123.908302545547,1.49897691144444,0.003287041446107,0.290446372727778,0.003726078978746,0.21486244561649
1.5,2.61639344262295,18,128.412001132965,1.50056376772222,0.003207149368964,0.31441733975,0.004695268787994,0.223765059555349
1.5,2.40723981900453,18,137.22142791748,1.5008587865,0.00308242220021,0.338390000877778,0.003524279819794,0.231300691141464
1.5,2.22905027932961,18,142.841238260269,1.50013643305556,0.003785431403211,0.366199936477778,0.005929170835277,0.2413049207415
1.5,2.07542262678804,18,153.552546739578,1.49939942833333,0.003122046887054,0.396545763805556,0.005258368573673,0.252476365611014
1.5,1.94160583941606,18,158.930221319199,1.50063922077778,0.003208691594664,0.434947808188889,0.006473483600113,0.270335351077783
1.5,1.824,18,171.390181064606,1.50012262377778,0.003361177871094,0.480141856461111,0.004208574603421,0.29361766397514
1.5,1.7198275862069,18,171.497821092606,1.50111316922222,0.00336718669483,0.532216862588889,0.007876922880225,0.322412258269754
1.5,1.62691131498471,18,178.260451316834,1.49947575922222,0.002600797561325,0.596711719822222,0.005608825173035,0.362258027211621
1.5,1.54352030947776,18,185.260665178299,1.49954119955556,0.004071016116436,0.675762029416667,0.009222593990752,0.415290572056301
1.5,1.46826126954922,18,190.075829744339,1.50014810222222,0.00334104303638,0.769115582061111,0.010040774798504,0.481257683492679
1.5,1.4,18,196.117686033249,1.50163657627778,0.004838530609217,0.877869076111111,0.013070754884657,0.561256059876312
2,12,18,42.57990193367,2.00026583422222,0.004487114284452,0.1600027559,0.000955793283155,0.155693300956804
2,8.58064516129032,18,54.7392585277557,2.00057395061111,0.003790497721973,0.2137485537,0.001296565043838,0.205320157339844
2,6.67782426778243,18,64.3223495483398,2.00093247661111,0.003722821175812,0.263962361433333,0.001527560460496,0.250046347197916
2,5.46575342465753,18,73.7900807857513,1.99930521877778,0.002806593063473,0.313441818433333,0.001735026278587,0.292669509864355
2,4.62608695652174,18,82.1396462917328,2.00036806433333,0.004252235779907,0.361106893527778,0.001896338871429,0.332109614166939
2,4.01005025125628,18,91.4293174743652,2.00116153333333,0.003756926994465,0.410310082594444,0.003153283176907,0.371719155983443
2,3.53880266075388,18,99.8021149635315,1.99959648133333,0.003897583838723,0.460074942483333,0.003546585918694,0.41052169216387
2,3.16666666666667,18,108.301291227341,2.000126745,0.004025213888431,0.515171687244445,0.004012685773866,0.45328743675822
2,2.86535008976661,18,116.556862354279,1.99987338316667,0.004317495932119,0.570445726905555,0.004108246446569,0.494861799794267
2,2.61639344262295,18,123.671743631363,2.00047452683333,0.002801701112241,0.630128404772222,0.004319167565582,0.539476124577571
2,2.40723981900453,18,130.973347187042,1.99733199038889,0.005443799758994,0.696529208905556,0.006894708446617,0.589439899169242
2,2.22905027932961,18,139.280408620834,1.99956283705556,0.004997994207175,0.769649839488889,0.007658434229304,0.644754823752611
2,2.07542262678804,18,147.750102996826,1.9997130485,0.004127257139217,0.847861082716667,0.00654572281925,0.703791684522125
2,1.94160583941606,18,155.078048229218,2.00245157694444,0.003482591875354,0.946691918788889,0.006272871837499,0.782079461677783
2,1.824,18,161.202948331833,1.99994338461111,0.005339124617283,1.04341897184444,0.008048254533991,0.856894779358469
2,1.7198275862069,18,168.620440006256,2.00045756133333,0.003431464561935,1.15902151747222,0.008064417541982,0.949216913153085
2,1.62691131498471,18,174.794336080551,1.99975232294444,0.004672857536896,1.28832305773333,0.009382767059219,1.05386936512273
2,1.54352030947776,18,181.47634768486,1.99985501227778,0.00424180492408,1.43763570338889,0.009449616815922,1.17716424602852
2,1.46826126954922,18,170.895627498627,1.99991908294444,0.00497660816093,1.60581458277778,0.010513907206906,1.31795668420935
2,1.4,18,174.466923713684,1.99833973733333,0.005479158626753,1.79394461644444,0.015318676082338,1.47733160020964
2.5,12,18,38.0442810058594,2.499313924,0.004878088158901,0.210566527172222,0.000883244513354,0.206257072229026
2.5,8.58064516129032,18,47.9367756843567,2.50007408138889,0.004538283688744,0.285426414261111,0.001546587355556,0.276998017900955
2.5,6.67782426778243,18,56.5899674892426,2.50131584083333,0.005684655512912,0.360636612122222,0.002099207713881,0.346720597886805
2.5,5.46575342465753,18,66.1368176937103,2.50023548544444,0.005078330167721,0.434030476961111,0.002021076656794,0.413258168392133
2.5,4.62608695652174,18,73.0750684738159,2.50087578,0.003977603941277,0.510334457277778,0.002078985670988,0.481337177916939
2.5,4.01005025125628,18,80.9506859779358,2.49990411388889,0.004339436323412,0.588885028622222,0.003952924385446,0.550294102011221
2.5,3.53880266075388,18,90.8127994537353,2.49785138888889,0.004420950933359,0.669225276294444,0.003511616287644,0.619672025974981
2.5,3.16666666666667,18,121.429611206055,2.50058250866667,0.00551400880147,0.755143795516667,0.004574978758877,0.693259545030442
2.5,2.86535008976661,18,127.711623430252,2.498735756,0.00585591079692,0.846044689861111,0.006788397955452,0.770460762749823
2.5,2.61639344262295,18,138.078976631165,2.49907944494444,0.003725871236249,0.945365733583333,0.006052034940699,0.854713453388682
2.5,2.40723981900453,18,143.300562143326,2.49837207938889,0.004620065492113,1.04539860623889,0.006218319993675,0.938309296502576
2.5,2.22905027932961,18,148.992110490799,2.50096923122222,0.007076082485191,1.16879112138333,0.006281139673001,1.04389610564705
2.5,2.07542262678804,18,161.863346338272,2.50028146777778,0.006684193792064,1.294703575,0.00890637461133,1.15063417680546
2.5,1.94160583941606,18,168.257560491562,2.49955662077778,0.005579954563722,1.43290179872222,0.009241638615605,1.26828934161111
2.5,1.824,18,173.852248668671,2.49903645644444,0.005296340150063,1.59034634233333,0.010138373536743,1.40382214984736
2.5,1.7198275862069,18,185.761576890945,2.49963266538889,0.00619236548669,1.75914832794444,0.014004847907383,1.5493437236253
2.5,1.62691131498471,18,191.627982139587,2.50054985394444,0.006951638414958,1.95624863733333,0.01244136113788,1.72179494472273
2.5,1.54352030947776,18,199.609238147736,2.49771902588889,0.004419899668495,2.16742314544444,0.009592273269322,1.90695168808407
2.5,1.46826126954922,18,203.079836845398,2.50054825888889,0.00595493450069,2.40959366327778,0.012130970914507,2.12173576470935
2.5,1.4,18,212.711888074875,2.49983402877778,0.006877039941407,2.66638901533333,0.014010823657391,2.34977599909853
3,12,18,46.2818500995636,3.00069696816667,0.0053267682579,0.26120571615,0.000608774053855,0.256896261206804
3,8.58064516129032,18,58.8812131881714,2.99848055911111,0.006047799083963,0.358690495638889,0.001107569542108,0.350262099278733
3,6.67782426778243,18,69.4589648246765,2.99880964594444,0.003534983637358,0.455943777327778,0.001793104611506,0.442027763092361
3,5.46575342465753,18,79.578216791153,2.99985651177778,0.006294520771388,0.554719339477778,0.002200927985974,0.5339470309088
3,4.62608695652174,18,88.9331836700439,3.00168023,0.004950497663968,0.657712150688889,0.00329693267931,0.62871487132805
3,4.01005025125628,18,100.383517980576,2.99791855677778,0.007016538186521,0.76296880765,0.004506197490467,0.724377881038999
3,3.53880266075388,18,94.981522321701,2.99865100388889,0.00431915539794,0.872238978338889,0.005394344886936,0.822685728019426
3,3.16666666666667,18,94.9957990646362,2.99998325116667,0.006427866829698,0.989540299938889,0.005099447491408,0.927656049452664
3,2.86535008976661,18,102.971952676773,2.99909069405556,0.004315940995206,1.11598688511667,0.005420385659256,1.04040295800538
3,2.61639344262295,18,110.889881372452,3.00080864911111,0.006816888283102,1.25222021795,0.006382200358232,1.16156793775535
3,2.40723981900453,18,118.547266244888,2.99957065583333,0.007562737966235,1.39512742466667,0.009588447954882,1.28803811493036
3,2.22905027932961,18,124.459789276123,3.00090859077778,0.006662950376077,1.55608437355556,0.00843842859347,1.43118935781928
3,2.07542262678804,18,131.590355634689,2.99994515383333,0.007296646396203,1.72912559711111,0.010657160701262,1.58505619891657
3,1.94160583941606,18,137.583467483521,3.00166913138889,0.005135939262596,1.91833603077778,0.007205388731737,1.75372357366667
3,1.824,18,144.539668798447,2.99972707933333,0.007007513410798,2.12666703783333,0.008688189110304,1.94014284534736
3,1.7198275862069,18,150.383825063705,3.00131213483333,0.005987124241492,2.35461540177778,0.01017940105656,2.14481079745864
3,1.62691131498471,18,155.211652040482,3.00039403455556,0.008375661093522,2.59861392877778,0.015290045109014,2.36416023616718
3,1.54352030947776,18,161.993150949478,2.99792245988889,0.00785808792892,2.88184689322222,0.012722302634658,2.62137543586185
3,1.46826126954922,18,168.472663879395,3.00010456727778,0.005810550154448,3.18337794638889,0.011752430446811,2.89552004782046
3,1.4,18,176.559478521347,2.99793447016667,0.007202571754098,3.51503290438889,0.014688707032454,3.19841988815409
3.5,12,18,38.5792388916016,3.50010745061111,0.007230602696384,0.310998318183333,0.000945930342019,0.306688863240137
3.5,8.58064516129032,18,48.1955258846283,3.50241126422222,0.005378287564099,0.429794795733333,0.001713392364393,0.421366399373177
3.5,6.67782426778243,18,57.0754771232605,3.49806192533333,0.006578236259227,0.549835282488889,0.001967284154229,0.535919268253472
3.5,5.46575342465753,18,65.6630799770355,3.50171639288889,0.006336076515248,0.673461162683333,0.003655619641044,0.652688854114355
3.5,4.62608695652174,18,73.2549877166748,3.49736534755556,0.006323866865757,0.801983614122222,0.002989246428846,0.772986334761383
3.5,4.01005025125628,18,81.6033673286438,3.49716044816667,0.007033645304975,0.934406893566666,0.003824599632161,0.895815966955665
3.5,3.53880266075388,18,88.8412914276123,3.50144910227778,0.006338326573823,1.07642584388889,0.005660834621373,1.02687259356943
3.5,3.16666666666667,18,95.6350476741791,3.50008123855556,0.006265775154375,1.22670959094444,0.005146945432334,1.16482534045821
3.5,2.86535008976661,18,103.886127471924,3.4979436885,0.006995486566634,1.38432846394444,0.006797556081429,1.30874453683315
3.5,2.61639344262295,18,111.394277095795,3.50232042261111,0.004816628572936,1.55633053444444,0.008465287498061,1.46567825424979
3.5,2.40723981900453,18,117.97433257103,3.49676706361111,0.007353488653294,1.73989936244444,0.010341453373634,1.63281005270813
3.5,2.22905027932961,18,124.376592874527,3.50235973722222,0.006368304403181,1.94208163983333,0.007578271301828,1.81718662409705
3.5,2.07542262678804,18,132.387471437454,3.50057866816667,0.007131864815505,2.15217231355556,0.013069707821074,2.00810291536102
3.5,1.94160583941606,18,137.976946115494,3.50077469377778,0.006184763097355,2.39488198577778,0.01230650355118,2.23026952866667
3.5,1.824,18,144.485417366028,3.49906870605556,0.009226227010524,2.64413311483333,0.014164957288934,2.45760892234736
3.5,1.7198275862069,18,151.237330198288,3.49689146283333,0.009387756810221,2.92289513216667,0.009981839279036,2.71309052784753
3.5,1.62691131498471,18,157.129945039749,3.50041152472222,0.007535615138251,3.23016298833333,0.016694200245742,2.99570929572273
3.5,1.54352030947776,18,163.753543615341,3.49779742366667,0.007865384605114,3.55619630777778,0.021856713993224,3.29572485041741
3.5,1.46826126954922,18,169.130680799484,3.49847071705556,0.007873343121036,3.92123870266667,0.017080147865185,3.63338080409824
3.5,1.4,18,176.020270347595,3.50357861144444,0.008100853244693,4.33392597344445,0.018416404100769,4.01731295720965
4,12,18,37.9393517971039,4.00261301716667,0.007913589692681,0.3606411561,0.00084149000171,0.356331701156804
4,8.58064516129032,18,48.5437431335449,4.00016938416667,0.008725822779561,0.501330853605556,0.001649011364004,0.4929024572454
4,6.67782426778243,18,57.891764163971,3.99891074227778,0.0052919092456,0.643080947572222,0.001919128139019,0.629164933336805
4,5.46575342465753,18,65.7048199176788,4.00024674416667,0.009368516206636,0.790927710411111,0.003077009599099,0.770155401842133
4,4.62608695652174,18,74.2694761753082,3.99802529144444,0.007355726324204,0.944538651955555,0.004888784731453,0.915541372594716
4,4.01005025125628,18,81.7776906490326,4.00416590477778,0.010123343194189,1.10530855390556,0.005067406687885,1.06671762729456
4,3.53880266075388,18,88.3761765956879,3.99848029966667,0.007825364543701,1.27656992394444,0.004467827306663,1.22701667362498
4,3.16666666666667,18,96.1326639652252,3.99872995711111,0.007808477230332,1.45616638677778,0.008536344469392,1.39428213629155
4,2.86535008976661,18,103.646476745605,4.00030895033333,0.007847580139007,1.64960629094444,0.007347182486815,1.57402236383315
4,2.61639344262295,18,110.733824253082,3.99846814405556,0.007305546325603,1.85272008472222,0.009363414233855,1.76206780452757
4,2.40723981900453,18,118.539791345596,3.99717824372222,0.009201068533874,2.07516442316667,0.009873914292154,1.96807511343036
4,2.22905027932961,18,124.815825939178,3.99908210766667,0.008593612388071,2.31296320172222,0.011796407610364,2.18806818598594
4,2.07542262678804,18,133.248006820679,3.99769504472222,0.006772799707278,2.57184846966667,0.012869604690016,2.42777907147213
4,1.94160583941606,18,139.106115579605,3.996959246,0.009272039230299,2.84567270733333,0.012577645204976,2.68106025022222
4,1.824,18,144.936412334442,4.00270672044445,0.007945299748343,3.1506630325,0.018042030282249,2.96413884001403
4,1.7198275862069,18,154.43545460701,4.00041251727778,0.008165097469815,3.48532176716667,0.020989941323337,3.27551716284753
4,1.62691131498471,18,168.116289615631,3.99889426,0.00770010286634,3.84304804233333,0.014152852913502,3.60859434972273
4,1.54352030947776,18,163.857218027115,3.99774164866667,0.007619760895873,4.22520461388889,0.014157460877559,3.96473315652852
4,1.46826126954922,18,170.049790143967,3.99872992388889,0.009062762241859,4.65337814916667,0.021808280274583,4.36552025059824
4,1.4,18,179.95019364357,3.99969964055556,0.009997631279393,5.11704119977778,0.020979847078128,4.80042818354298
4.5,12,18,38.5300705432892,4.50162972044445,0.009213763796702,0.410279074977778,0.001522464310333,0.405969620034582
4.5,8.58064516129032,18,48.8395657539368,4.50124337311111,0.0106487327028,0.571470108161111,0.002454299472479,0.563041711800955
4.5,6.67782426778243,18,57.5748136043549,4.49533847822222,0.009289177066647,0.736564577944444,0.003076859456727,0.722648563709027
4.5,5.46575342465753,18,66.121283531189,4.49824456572222,0.007132307682117,0.909940076911111,0.003887807613717,0.889167768342133
4.5,4.62608695652174,18,73.4518215656281,4.49975634366667,0.007505566192028,1.08524465194444,0.0045280268508,1.0562473725836
4.5,4.01005025125628,18,82.1407451629639,4.49694276938889,0.008102343617342,1.27400128627778,0.005080945553115,1.23541035966678
4.5,3.53880266075388,18,89.6158845424652,4.49787064672222,0.009781245865087,1.47519626533333,0.006640210326251,1.42564301501387
4.5,3.16666666666667,18,97.4018130302429,4.50067347972222,0.008580256365854,1.68353271077778,0.006954166183491,1.62164846029155
4.5,2.86535008976661,18,105.917561531067,4.49961203433333,0.007332175186037,1.90945368572222,0.008744673209404,1.83386975861093
4.5,2.61639344262295,18,111.982623100281,4.50180505272222,0.010264735538417,2.15032836883333,0.005672821431423,2.05967608863868
4.5,2.40723981900453,18,118.829227685928,4.50081035072222,0.009160388014797,2.40593732472222,0.012111837124676,2.29884801498591
4.5,2.22905027932961,18,125.132218122482,4.49577573877778,0.010650562003118,2.68310588022222,0.012909801208064,2.55821086448594
4.5,2.07542262678804,18,133.567588806152,4.49898028566667,0.010326953610154,2.97969421183333,0.012903793475373,2.83562481363879
4.5,1.94160583941606,18,141.943689346313,4.49750788577778,0.007363707007469,3.30807987694444,0.01445742883226,3.14346741983333
4.5,1.824,18,146.088847637177,4.497081471,0.012860391466006,3.65010947938889,0.011882705246254,3.46358528690292
4.5,1.7198275862069,18,152.090334177017,4.50144945838889,0.010473334697945,4.03918676466667,0.022438714519857,3.82938216034754
4.5,1.62691131498471,18,159.154909610748,4.50024397905556,0.009942126766535,4.44451789566667,0.021839075216047,4.21006420305607
4.5,1.54352030947776,18,165.939959764481,4.49757978788889,0.011488629595961,4.88460459183333,0.018162323565021,4.62413313447297
4.5,1.46826126954922,18,172.231008052826,4.49729161355556,0.010325577596795,5.36658673016667,0.021530363102183,5.07872883159824
4.5,1.4,18,179.710918426514,4.49791507805556,0.007605822627923,5.87799371472222,0.023632447850132,5.56138069848742
